{
    "loss": 0.7050594091415405,
    "accuracy": 0.9137930870056152
}