{
    "loss": 0.38030144572257996,
    "accuracy": 0.9051724076271057
}